,Artist Name,Danceability,Energy,Loudness,Speechiness,Acousticness,Instrumentalness,Liveness,Valence,Tempo
0,$NOT,0.713,0.47,-8.698,0.0864,0.606,1.35e-05,0.306,0.0825,84.518
1,4*TOWN (From Disney and Pixar’s Turning Red),0.7796666666666666,0.505,-10.134333333333332,0.08796666666666668,0.11436666666666666,2.3533333333333334e-06,0.1052,0.48666666666666664,111.71566666666666
2,5 Seconds of Summer,0.586375,0.65525,-4.56275,0.1262875,0.08751487499999999,4.3375e-07,0.143675,0.41050000000000003,131.616
3,AJ Mitchell,0.6253333333333333,0.527888888888889,-6.476222222222223,0.05602222222222222,0.3092888888888889,1.746666666666667e-06,0.08376666666666667,0.395,123.87611111111111
4,Adam Hicks,0.5700000000000001,0.8424545454545455,-3.8981818181818184,0.05824545454545455,0.04031281818181818,9.763636363636364e-07,0.07663636363636363,0.5777272727272726,140.24563636363635
5,Adrian Lyles,0.6166666666666667,0.45933333333333337,-6.692666666666667,0.07006666666666667,0.3807,0.0,0.09363333333333335,0.5206666666666667,86.14633333333335
6,Alan Walker,0.5823333333333333,0.7223333333333333,-5.267666666666667,0.05356666666666666,0.019791,6.24e-06,0.238,0.2321333333333333,137.60833333333332
7,Alec Benjamin,0.6513,0.6,-5.5586,0.055499999999999994,0.5157999999999999,0.00011533000000000001,0.20869999999999997,0.5999,126.94680000000001
8,Alessia Cara,0.47244444444444444,0.5677777777777778,-7.011666666666667,0.12584444444444445,0.32053333333333334,3.326666666666667e-05,0.11948888888888888,0.3561111111111111,125.31522222222222
9,Alesso,0.63,0.6699999999999999,-4.6114999999999995,0.0553,0.03055,0.000126,0.27349999999999997,0.39849999999999997,124.951
10,Alok,0.6323333333333333,0.8113333333333334,-4.726666666666667,0.0733,0.06653,2.430333333333333e-05,0.16656666666666667,0.5196666666666667,117.39
11,Andrew Garfield,0.51,0.6910000000000001,-5.724,0.14065,0.1108,0.0,0.058300000000000005,0.489,161.7575
12,Anne-Marie,0.6103333333333333,0.73,-4.449666666666666,0.12003333333333333,0.07441,0.0,0.16768333333333332,0.5398333333333333,94.30283333333334
13,Ariana Grande,0.6637777777777778,0.5781111111111111,-7.138111111111111,0.0799,0.2829111111111111,1.0827777777777779e-05,0.10792222222222222,0.39955555555555555,122.8288888888889
14,Ashe,0.5401818181818182,0.47918181818181815,-7.956363636363636,0.03397272727272727,0.41962272727272726,0.0011157245454545455,0.16967272727272728,0.3977272727272727,111.54472727272727
15,Ashley Tisdale,0.6411428571428571,0.7158571428571429,-4.7832857142857135,0.06168571428571429,0.17803714285714287,2.952857142857143e-06,0.1922857142857143,0.5,115.00728571428571
16,Ashton Irwin,0.48310000000000003,0.6212,-6.7974000000000006,0.04009,0.34859,0.097887563,0.21322000000000002,0.35845000000000005,119.4642
17,Austin Moon,0.6437999999999999,0.8711,-5.2204999999999995,0.09715,0.015917999999999998,1.878e-06,0.13435999999999998,0.7963,134.1637
18,BTS,0.645,0.862,-4.761,0.0845,0.0933,0.0,0.193,0.803,119.947
19,Bazzi,0.7079,0.6616000000000001,-5.2007,0.04482,0.27409,7.09e-07,0.16817,0.4833,126.502
20,Bea Miller,0.678375,0.652,-5.578,0.093,0.082295,3.230125e-05,0.30075,0.470125,129.020125
21,Beach Bunny,0.5081,0.8747999999999999,-4.974600000000001,0.04802,0.0030215000000000003,0.010022026,0.18045,0.6883,143.5661
22,Bebe Rexha,0.619,0.7805,-6.00125,0.047875,0.0791275,0.00096075,0.127975,0.38575,130.23025
23,Bella Thorne,0.761142857142857,0.5622857142857143,-7.164857142857143,0.07031428571428572,0.270737,0.036397825714285716,0.1578142857142857,0.5527142857142857,118.52985714285714
24,Ben Ward,0.394,0.624,-7.618,0.0425,0.412,1.13e-06,0.0942,0.338,79.57
25,Benji,0.667,0.408,-10.3,0.0415,0.463,0.0,0.125,0.392,110.073
26,Beyoncé,0.533,0.355,-6.132,0.0289,0.497,0.0,0.174,0.256,137.986
27,Billie Eilish,0.5635454545454546,0.3340909090909091,-11.549818181818182,0.08150909090909092,0.3884727272727273,0.14899403,0.11920909090909092,0.3668181818181818,119.35172727272726
28,BoyWithUke,0.717,0.7,-5.843,0.0382,0.189,0.0,0.374,0.568,103.517
29,Boyce Avenue,0.625,0.5025,-7.711500000000001,0.03875,0.585,0.0,0.11249999999999999,0.5215000000000001,78.51400000000001
30,Brian D'Arcy James,0.837,0.574,-8.86,0.321,0.781,0.0,0.304,0.824,116.433
31,Bridgit Mendler,0.57225,0.6473749999999999,-5.388875,0.043437500000000004,0.20579787500000002,9.262874999999999e-05,0.1585125,0.462375,135.76975
32,Bruno Martini,0.707,0.721,-7.0,0.039,0.329,0.000309,0.0819,0.444,109.977
33,CNCO,0.534,0.911,-3.086,0.0852,0.15,0.0,0.0986,0.624,93.767
34,Calvin Harris,0.791,0.862,-3.24,0.11,0.037,2.19e-05,0.0814,0.592,123.994
35,Camila Cabello,0.6594285714285714,0.65,-5.595714285714286,0.058557142857142856,0.09622857142857143,0.0007724857142857143,0.17224285714285714,0.39001428571428576,109.28257142857144
36,Cast - Liv and Maddie,0.505,0.247,-8.187,0.0431,0.939,0.0,0.101,0.458,54.548
37,Cast of High School Musical: The Musical: The Series,0.5984,0.7028000000000001,-6.302,0.0921,0.190658,6.650000000000001e-06,0.13016,0.5557000000000001,136.0543
38,Cavetown,0.5843,0.4676,-9.8529,0.05038,0.26728300000000005,0.007429458,0.09311,0.2878,132.4456
39,Chandler Kinney,0.613,0.928,-5.309,0.0921,0.0268,0.000134,0.21,0.649,140.004
40,Charli XCX,0.7376,0.7908000000000001,-5.3388,0.10157000000000001,0.1369803,0.10092999700000001,0.13454,0.5861,132.1763
41,Charlie Puth,0.718875,0.5785,-6.396375,0.08675,0.3412625,7.625e-05,0.1429,0.6543749999999999,126.12275
42,Chase Atlantic,0.4756666666666667,0.6975833333333333,-5.971583333333334,0.07050833333333333,0.079495,0.0085480575,0.208275,0.29580833333333334,138.03216666666665
43,Cheat Codes,0.762,0.693,-4.669,0.0331,0.0321,0.0,0.131,0.609,139.984
44,Cher Lloyd,0.6771111111111111,0.7426666666666667,-4.398666666666667,0.08277777777777778,0.11858888888888888,0.0,0.2763555555555556,0.5516666666666666,120.61699999999999
45,China Anne McClain,0.6573333333333333,0.896,-4.691333333333334,0.11986666666666668,0.043473333333333336,1.28e-05,0.2723333333333333,0.5503333333333333,125.99466666666666
46,Clairo,0.7328888888888889,0.48807777777777783,-9.610888888888889,0.0533,0.5723333333333334,0.048182022222222225,0.14786666666666667,0.5777777777777778,115.18711111111111
47,Clean Bandit,0.7159999999999999,0.617,-5.739333333333334,0.044066666666666664,0.19123333333333334,2.3413333333333335e-05,0.2135,0.45966666666666667,110.97466666666666
48,Conan Gray,0.4626,0.5493,-6.5486,0.04004,0.281229,2.65e-06,0.21006999999999998,0.42780000000000007,124.43440000000001
49,Corbin Bleu,0.7898333333333333,0.8380000000000001,-4.788666666666667,0.09716666666666667,0.033591333333333334,0.029334438333333334,0.25971666666666665,0.6858333333333334,118.66166666666668
50,Cozi Zuehlsdorff,0.7315,0.776,-6.221,0.1251,0.158,0.0001235,0.09584999999999999,0.4395,113.5205
51,DNCE,0.7111111111111111,0.7307777777777777,-5.7652222222222225,0.06536666666666667,0.08417777777777777,4.9111111111111114e-05,0.17200000000000001,0.8321111111111111,119.66555555555556
52,Danielle Ferland,0.7215,0.4175,-11.068999999999999,0.41000000000000003,0.5715,0.0,0.3805,0.6479999999999999,136.9605
53,Dara Reneé,0.5758571428571428,0.6609999999999999,-5.4388571428571435,0.07717142857142857,0.22249714285714287,0.0001165142857142857,0.16985714285714287,0.32771428571428574,133.56199999999998
54,David Guetta,0.622,0.8450000000000001,-4.065333333333333,0.06269999999999999,0.04736333333333334,6.0356666666666664e-05,0.22766666666666668,0.4406666666666667,117.00566666666667
55,Daya,0.8135999999999999,0.712,-4.7162,0.07658000000000001,0.13505999999999999,0.004921938,0.2559,0.47759999999999997,109.2104
56,Dean Lewis,0.713,0.451,-4.693,0.0406,0.186,0.0,0.439,0.316,117.018
57,Debby Ryan,0.5578333333333333,0.8646666666666666,-4.328166666666667,0.06601666666666667,0.06239833333333333,2.0216666666666667e-06,0.2618333333333333,0.7976666666666666,119.08466666666668
58,Demi Lovato,0.5162857142857142,0.6907142857142857,-5.102642857142857,0.06957142857142858,0.14578357142857143,1.742857142857143e-05,0.20592857142857143,0.5335714285714286,124.5185
59,Dominic Fike,0.394,0.327,-14.291,0.114,0.849,0.0,0.125,0.411,93.358
60,Dove Cameron,0.6024347826086957,0.7788260869565218,-5.640086956521739,0.1254304347826087,0.11416869565217391,0.00027438086956521737,0.26079565217391304,0.5016608695652174,137.5406956521739
61,Dua Lipa,0.73675,0.7545,-4.807,0.056162500000000004,0.018342499999999998,0.00018571625,0.134275,0.744375,117.882
62,Elijah Kelley,0.52,0.944,-4.721,0.157,0.0382,0.0,0.141,0.725,170.484
63,Elton John,0.795,0.8,-6.32,0.0309,0.0354,7.25e-05,0.0915,0.934,116.032
64,Emily Osment,0.6003333333333334,0.7198888888888889,-5.810888888888889,0.05073333333333333,0.11406087777777778,0.007679155555555555,0.18335555555555555,0.6180666666666667,129.0763333333333
65,FINNEAS,0.562875,0.26918749999999997,-11.4715,0.1293,0.783875,0.000633725,0.138225,0.3105875,142.49775
66,FLETCHER,0.812,0.585,-4.644,0.0615,0.202,0.00216,0.245,0.611,118.037
67,Fifth Harmony,0.7162222222222222,0.7861111111111111,-4.384111111111111,0.07202222222222222,0.04193444444444445,0.00013435555555555554,0.14115555555555556,0.6074444444444445,113.90355555555556
68,Frankie Rodriguez,0.6212222222222222,0.5175555555555555,-6.587888888888888,0.08834444444444445,0.5435555555555556,0.0,0.16715555555555556,0.5766666666666667,97.144
69,G-Eazy,0.6725,0.7025,-6.4305,0.09135,0.0359,0.0,0.23299999999999998,0.29000000000000004,99.95150000000001
70,Galantis,0.6345000000000001,0.7915000000000001,-4.8835,0.06939999999999999,0.1745,0.0,0.05665,0.5285,124.522
71,Gavin Creel,0.508,0.27,-12.758,0.0756,0.753,0.0,0.0775,0.386,131.591
72,Gracie Abrams,0.6434444444444445,0.5194444444444444,-7.931666666666666,0.062000000000000006,0.5963333333333334,0.005278385555555556,0.1248888888888889,0.39311111111111113,125.89533333333333
73,Gryffin,0.571,0.776,-4.855,0.04865,0.1179,0.00167,0.1575,0.3485,135.0145
74,HRVY,0.6900000000000001,0.758,-5.113200000000001,0.08592,0.11374,3.58e-07,0.16124,0.7546,113.38520000000001
75,Hailee Steinfeld,0.6358,0.6801,-5.8278,0.07264,0.16465000000000002,1.823e-06,0.14042,0.4779,112.66890000000001
76,Halsey,0.6672,0.5808,-6.0354,0.04922,0.14089836,1.84e-06,0.12698,0.5214,109.918
77,Hannah Montana,0.639,0.845,-3.729,0.0346,0.00651,0.0,0.0619,0.729,94.036
78,Harry Styles,0.5378000000000001,0.5843999999999999,-5.9178999999999995,0.0418,0.30732,0.00013296600000000001,0.14198,0.39622999999999997,122.73889999999999
79,Hayley Kiyoko,0.7274,0.6944,-5.336,0.06288,0.05416,0.00043217599999999994,0.16902,0.517,119.03420000000001
80,Hey Violet,0.6061111111111112,0.6566666666666667,-5.918222222222223,0.07078888888888889,0.13349444444444447,2.5355555555555556e-05,0.1781111111111111,0.5038888888888889,126.9841111111111
81,High School Musical Cast,0.5897,0.7739,-4.608700000000001,0.051770000000000004,0.205772,1.1e-07,0.11506000000000001,0.4955,116.70779999999999
82,Hugh Jackman,0.5435,0.80325,-8.14525,0.15999999999999998,0.0025969999999999995,0.027798,0.12725,0.33625,146.966
83,Imanbek,0.719,0.828,-6.08,0.157,0.0034,1.1e-05,0.155,0.363,100.084
84,JP Saxe,0.429,0.486,-9.971,0.101,0.866,0.0,0.0982,0.661,146.99
85,JVKE,0.326,0.645,-4.374,0.0442,0.646,0.00521,0.224,0.183,188.488
86,Jack & Jack,0.74675,0.63725,-6.641,0.09065,0.2056625,1.2625e-06,0.16465,0.52425,113.245625
87,James Arthur,0.67,0.743,-4.993,0.0393,0.237,0.0,0.465,0.571,125.944
88,James T. Lane,0.417,0.453,-7.73,0.219,0.246,0.0,0.182,0.474,202.972
89,Jay Goede,0.5925,0.5005,-10.927,0.5575,0.6535,6.45e-07,0.3235,0.5525,117.64349999999999
90,Jennette McCurdy,0.5166999999999999,0.6205,-5.7351,0.03328,0.32754,7.19e-06,0.13847,0.4906,144.73340000000002
91,Jeremy Zucker,0.6492727272727273,0.2540727272727273,-12.238272727272728,0.06303636363636364,0.6834545454545454,0.0007031,0.3972727272727273,0.47654545454545455,97.50409090909092
92,Joe Jonas,0.52475,0.78575,-5.482,0.044275,0.12450699999999999,2.625e-06,0.17665,0.5760000000000001,125.356
93,Joe Serafini,0.4563333333333333,0.5556666666666666,-7.98,0.0413,0.18103333333333335,0.0,0.10166666666666667,0.365,110.73200000000001
94,Joel Corry,0.716,0.963,-3.097,0.0931,0.0344,0.0,0.292,0.707,124.97
95,Johnny Orlando,0.6203333333333334,0.5735555555555556,-6.47,0.060188888888888896,0.3162555555555555,3.109555555555555e-05,0.13836666666666667,0.3438888888888889,99.83244444444443
96,Jonas Blue,0.693,0.8039999999999999,-4.263599999999999,0.057940000000000005,0.255,4.198e-05,0.1662,0.5964,115.0346
97,Jonas Brothers,0.7675,0.7535,-5.327875,0.0570625,0.0585775,7.9375e-07,0.15295,0.768125,116.759875
98,Jordan Fisher,0.628,0.49366666666666664,-8.388333333333334,0.0775,0.27476666666666666,0.0,0.31193333333333334,0.40166666666666667,104.38466666666666
99,Josh Groban,0.629,0.375,-10.217,0.07,0.732,0.0,0.113,0.193,120.591
100,Joshua Bassett,0.598375,0.51825,-6.587375,0.072875,0.3468,4.7125e-07,0.116975,0.51275,107.24875
101,Julia Lester,0.5865555555555555,0.6195555555555555,-6.315555555555556,0.1126888888888889,0.3021411111111111,0.0,0.1302222222222222,0.5446666666666666,130.09344444444443
102,Julia Michaels,0.558,0.433,-7.13625,0.04095,0.6055,0.0,0.082525,0.30225,139.14600000000002
103,Julie Andrews,0.677,0.529,-7.414,0.0466,0.258,1.5e-06,0.133,0.32,109.933
104,Justin Bieber,0.6737142857142857,0.692,-6.210285714285715,0.13452857142857141,0.293072,0.00021454285714285715,0.23917142857142856,0.5272857142857144,108.91885714285715
105,Justin Timberlake,0.456,0.459,-8.16,0.0811,0.475,0.0,0.0861,0.211,116.049
106,Kate Reinders,0.5962,0.5516,-7.8102,0.25288,0.47492,0.00238,0.0874,0.5044000000000001,107.66860000000001
107,Katy Perry,0.6728,0.7628,-4.4314,0.0445,0.02493993,4.243e-06,0.23618,0.6169,127.2923
108,Kelsea Ballerini,0.607,0.418,-6.997,0.0363,0.394,0.0,0.182,0.386,95.002
109,Kevin Jonas,0.605,0.846,-4.581,0.0778,0.000738,1.25e-06,0.053,0.764,132.997
110,King,0.62,0.591,-5.21,0.067,0.0873,0.0,0.0964,0.432,95.812
111,Kole,0.458,0.411,-13.177,0.158,0.606,0.0,0.106,0.595,74.457
112,Kygo,0.6656666666666666,0.654,-6.152,0.07686666666666665,0.19599999999999998,5.0999999999999995e-06,0.2008,0.4789999999999999,109.63366666666667
113,LANY,0.6565,0.544375,-8.022875,0.06365,0.393,0.0006372725000000001,0.1339,0.411375,111.61725
114,LAY,0.925,0.594,-5.755,0.0454,0.0341,0.00232,0.107,0.885,117.993
115,Labrinth,0.4175,0.3965,-8.633000000000001,0.050199999999999995,0.3309,6.95e-05,0.20475000000000002,0.186,136.7215
116,Lana Del Rey,0.41879999999999995,0.5252,-8.2735,0.0385,0.42042,0.0606996,0.14087,0.23298999999999997,101.688
117,Larry Saperstein,0.571,0.655,-6.042,0.0836,0.216,0.0,0.162,0.694,75.983
118,Lauv,0.6561666666666667,0.5477500000000001,-7.781833333333334,0.10454999999999999,0.30540833333333334,7.2705e-05,0.16253333333333334,0.37775000000000003,101.6145
119,Liam Payne,0.6733333333333333,0.7032222222222223,-5.201,0.08933333333333333,0.1660111111111111,6.877777777777778e-06,0.18031111111111112,0.5434444444444444,112.22233333333332
120,Little Mix,0.653,0.7055,-4.749375000000001,0.07985,0.1620875,2.074875e-05,0.219075,0.608,106.934375
121,Lizzy McAlpine,0.522,0.251,-12.626,0.0603,0.871,0.000258,0.0769,0.303,137.366
122,Lorde,0.6533,0.5178,-8.4892,0.08405,0.283691,0.09051506499999999,0.14285,0.29374,105.47049999999999
123,Louis Tomlinson,0.5741111111111111,0.7512222222222222,-4.684888888888889,0.08416666666666667,0.053603,0.0006624066666666667,0.17663333333333334,0.5626666666666666,124.48177777777778
124,Lucy Hale,0.575,0.8092222222222223,-3.8231111111111113,0.051088888888888885,0.17109666666666667,1.7666666666666666e-07,0.20674444444444445,0.6535555555555556,135.99333333333334
125,Ludwig Göransson,0.476,0.439,-10.827,0.0348,0.164,5.35e-05,0.101,0.12,104.707
126,Luis Fonsi,0.733,0.897,-3.652,0.0389,0.0391,0.0,0.117,0.649,96.006
127,Luke Hemmings,0.45890000000000003,0.689,-6.631100000000001,0.037669999999999995,0.27224,0.046099858,0.10284,0.40040000000000003,116.5107
128,Lyn Lapid,0.708,0.617,-8.743,0.0395,0.58,0.0961,0.0999,0.496,122.017
129,MAX,0.667,0.627,-7.184,0.122,0.248,0.0,0.174,0.498,143.948
130,Maggie Lindemann,0.5748333333333334,0.8396666666666667,-4.163666666666667,0.06896666666666666,0.091175,0.023668336666666668,0.17703333333333335,0.5575,140.466
131,Maia Mitchell,0.735,0.874,-5.28,0.035,0.229,0.0,0.69,0.715,126.053
132,Manchester Orchestra,0.299,0.399,-12.176,0.0376,0.816,0.00117,0.147,0.302,158.253
133,Mark Linn-Baker,0.78,0.482,-9.557,0.429,0.565,0.0,0.491,0.596,112.221
134,Mark Ronson,0.601,0.794,-5.844,0.0671,0.00987,1.36e-06,0.418,0.244,114.066
135,Marshmello,0.67875,0.7697499999999999,-5.138,0.0606,0.056729999999999996,0.0004761025,0.21227500000000002,0.54125,107.258
136,Martin Garrix,0.6799999999999999,0.5385,-7.435499999999999,0.06555,0.384,0.162,0.28900000000000003,0.2625,124.48400000000001
137,Martin Jensen,0.601,0.674,-5.638,0.125,0.0561,0.0,0.117,0.596,180.055
138,Matt Cornett,0.763,0.5955,-7.875,0.077925,0.300775,0.04775,0.137,0.6975,114.0535
139,McClain Sisters,0.6669999999999999,0.7643333333333334,-4.620833333333334,0.07816666666666668,0.134,0.0,0.14959999999999998,0.5653333333333334,131.33283333333335
140,Meg Donnelly,0.63,0.7755,-6.475,0.0876,0.048315,0.005,0.0865,0.627,159.4955
141,Meghan Trainor,0.7264,0.7072,-5.1922,0.08674,0.22393999999999997,7.2804e-05,0.28473000000000004,0.7713,120.452
142,Melanie Martinez,0.626,0.7009000000000001,-5.579400000000001,0.05902,0.25038,0.001979682,0.2451,0.46900000000000003,135.7985
143,Mena Massoud,0.395,0.375,-7.948,0.034,0.225,0.0,0.145,0.131,121.04
144,Miley Cyrus,0.6145,0.622125,-4.954125,0.03995,0.15365499999999999,2.31125e-05,0.1294875,0.46799999999999997,121.50574999999999
145,Milo Manheim,0.706,0.714375,-6.225125,0.0514125,0.243494125,0.00081243625,0.1567625,0.57175,121.393
146,Miranda Cosgrove,0.48550000000000004,0.8664999999999999,-4.4323,0.07625,0.031367,0.00873325,0.17034,0.514,141.4869
147,Mitchel Musso,0.6096363636363636,0.8658181818181819,-4.568818181818181,0.0559,0.06903436363636363,7.745454545454545e-06,0.2447909090909091,0.6893636363636364,124.75809090909091
148,Mitski,0.44480000000000003,0.524,-8.133799999999999,0.030819999999999997,0.2402415,0.06784764,0.17993,0.31894999999999996,108.5738
149,Mother Mother,0.5887,0.7194,-4.5563,0.07688,0.181079,0.003202017,0.19841999999999999,0.34619999999999995,120.1473
150,NCT DREAM,0.619,0.881,-4.683,0.0834,0.0632,0.0,0.103,0.769,160.145
151,NF,0.716,0.5135000000000001,-5.525,0.0587,0.3615,0.0,0.14325,0.3785,109.054
152,NOTD,0.6905,0.7945,-4.054,0.13215,0.05545,0.0,0.14150000000000001,0.632,107.98750000000001
153,Naomi Scott,0.48675,0.53625,-7.8235,0.045225,0.382425,3.55e-07,0.134075,0.26775,126.54599999999999
154,Nelly Furtado,0.754,0.663,-6.367,0.0411,0.0246,3.76e-05,0.12,0.757,128.028
155,New Hope Club,0.6621111111111111,0.6681111111111111,-5.353666666666666,0.06108888888888889,0.22723333333333334,0.0,0.14714444444444444,0.6134444444444445,107.06633333333333
156,Niall Horan,0.579625,0.6085,-5.556125,0.0380375,0.235905,0.0,0.2025,0.4545,101.144125
157,Nicholas Galitzine,0.421,0.427,-7.78,0.0307,0.299,2.1e-06,0.0733,0.0623,131.2
158,Nick Jonas,0.595125,0.671875,-4.919125,0.1206125,0.104955,0.0,0.161225,0.45725,116.913375
159,Noah Kahan,0.592,0.437,-7.534,0.1894,0.4523333333333333,8.599999999999999e-07,0.214,0.40399999999999997,133.102
160,Olivia Holt,0.7028571428571428,0.7714285714285715,-5.244857142857143,0.04851428571428572,0.08251714285714286,0.00011435714285714285,0.1441285714285714,0.49114285714285716,117.70985714285715
161,Olivia Rodrigo,0.5392666666666667,0.5288,-6.6802,0.07508666666666668,0.48630466666666666,2.3426666666666666e-06,0.18852666666666668,0.41539333333333334,135.80633333333333
162,Olly Alexander (Years & Years),0.647,0.7431111111111111,-5.458888888888889,0.05098888888888889,0.1887,7.677777777777778e-07,0.16896666666666665,0.4758888888888888,111.8831111111111
163,Omar Apollo,0.571,0.443,-6.76,0.0451,0.3,6.95e-06,0.101,0.621,143.923
164,One Direction,0.6465,0.6831,-5.5634,0.04402,0.194883,0.0,0.09807,0.4516,117.48519999999999
165,PRETTYMUCH,0.6824,0.6129,-5.9125,0.08448,0.20175,1.66e-07,0.17096,0.5291,115.7557
166,Paul McCartney,0.377,0.629,-7.243,0.0341,0.032,0.0,0.0777,0.14,140.044
167,Peachy!,0.719,0.36,-12.034,0.398,0.748,2.18e-06,0.0812,0.409,80.184
168,Phillipa Soo,0.386,0.155,-13.556,0.0382,0.906,0.000132,0.111,0.195,75.849
169,Phoebe Bridgers,0.43222222222222223,0.3992222222222222,-11.293111111111111,0.04933333333333333,0.7105222222222223,0.05383888888888889,0.11436666666666667,0.3423333333333333,132.13933333333333
170,Powfu,0.726,0.431,-8.765,0.135,0.731,0.0,0.696,0.348,144.026
171,Prince Fox,0.566,0.735,-4.759,0.0448,0.0443,0.0,0.507,0.218,90.025
172,R3HAB,0.732,0.555,-6.535,0.0781,0.0169,0.0,0.153,0.614,100.066
173,R5,0.6581111111111111,0.8114444444444444,-5.195777777777778,0.06876666666666667,0.013469555555555556,1.211111111111111e-07,0.179,0.5941111111111111,106.03022222222222
174,RL Grime,0.428,0.849,-4.417,0.0775,0.504,6.1e-06,0.203,0.108,82.759
175,Rascal Flatts,0.565,0.713,-5.846,0.0411,0.28,0.0,0.32,0.292,123.992
176,Raven-Symoné,0.6457777777777778,0.8106666666666666,-4.601888888888889,0.1102111111111111,0.13902444444444445,1.5564444444444445e-05,0.14864444444444447,0.7167555555555556,115.71099999999998
177,Regard,0.6890000000000001,0.7415,-5.371,0.03595,0.03565,0.0,0.21134999999999998,0.5915,114.542
178,Rema,0.801,0.806,-5.206,0.0381,0.382,0.000669,0.114,0.802,106.999
179,Ricky Montgomery,0.5825,0.6395,-6.334300000000001,0.031830000000000004,0.16904,3.436e-05,0.19052,0.508,138.2258
180,Rita Ora,0.666,0.7362,-5.1234,0.10948,0.15224,0.0,0.15586,0.5624,110.804
181,Robin Schulz,0.464,0.76,-6.187,0.0508,0.102,0.0,0.146,0.488,95.953
182,Ross Lynch,0.6195555555555556,0.838,-5.357222222222223,0.10674444444444445,0.14243333333333333,0.0010766,0.1411111111111111,0.6474444444444445,124.66611111111109
183,Ruel,0.6251249999999999,0.557375,-6.3015,0.059725,0.18307625,6.945749999999999e-05,0.1699125,0.367375,108.24975
184,SHAED,0.619,0.459,-5.782,0.0334,0.56,0.0,0.137,0.498,126.803
185,Sabrina Carpenter,0.650875,0.6485,-6.122375,0.1134375,0.20631,9.0325e-06,0.20427499999999998,0.567625,119.461125
186,Sarah Jeffery,0.5696666666666667,0.663,-6.3465,0.16965,0.27846666666666664,2.7833333333333335e-07,0.18013333333333334,0.47733333333333333,110.01316666666666
187,Sasha Alex Sloan,0.6441428571428572,0.2895714285714286,-10.734714285714286,0.034885714285714284,0.745,0.0006516114285714284,0.13837142857142856,0.33199999999999996,93.05185714285713
188,Saylor Bell,0.686,0.831,-4.908,0.14,0.223,0.0,0.452,0.823,110.961
189,Sean Kingston,0.72,0.607,-4.168,0.0322,0.0543,0.0,0.113,0.828,121.223
190,Selena Gomez,0.659625,0.599,-5.8618749999999995,0.0488125,0.13859125,8.01625e-06,0.1415,0.4397875,115.246125
191,Shawn Mendes,0.6554166666666666,0.7100833333333334,-5.289666666666666,0.08231666666666666,0.13416666666666668,1.9083333333333334e-06,0.14868333333333333,0.6568333333333333,126.274
192,Siiickbrain,0.583,0.759,-7.17,0.0524,0.196,0.0,0.209,0.487,119.077
193,Skylar Simone,0.5937,0.6088,-7.1129999999999995,0.058640000000000005,0.23765999999999998,0.00043215500000000004,0.12524,0.4384,112.3835
194,Sofia Carson,0.65125,0.7230000000000001,-5.8385,0.047175,0.06897,0.102503025,0.12095,0.7725,134.7145
195,Sofia Wylie,0.7514000000000001,0.5791999999999999,-6.597200000000001,0.056679999999999994,0.35262000000000004,0.0,0.08724,0.5022,112.61399999999999
196,Stephen Sanchez,0.64,0.343,-12.165,0.052,0.278,0.0,0.122,0.329,115.042
197,Steve Aoki,0.647,0.932,-3.515,0.0824,0.00383,1.5e-06,0.0574,0.374,114.991
198,Stevie Matthew,0.65,0.507,-6.428,0.0448,0.556,0.0,0.171,0.426,129.949
199,Stray Kids,0.818,0.707,-5.178,0.108,0.166,0.0,0.161,0.589,133.059
200,THE DRIVER ERA,0.6798636363636363,0.7955454545454544,-5.4270000000000005,0.1120409090909091,0.15452,0.004876763636363636,0.34445454545454546,0.669409090909091,125.28186363636364
201,TOMORROW X TOGETHER,0.776,0.92,-3.246,0.0548,0.0103,0.0,0.325,0.842,119.989
202,Taylor Swift,0.5674,0.5215,-8.9289,0.08653000000000001,0.35233,0.00026769,0.12884,0.3417,131.4022
203,The 1975,0.5897,0.7609,-6.3586,0.04351,0.19677530000000001,0.08195569,0.19124000000000002,0.48936,114.4227
204,The Chainsmokers,0.5547500000000001,0.72375,-4.749750000000001,0.08197499999999999,0.1638,0.046595,0.15125,0.479,118.5975
205,The Cheetah Girls,0.6772,0.774,-5.2485,0.09886999999999999,0.200263,0.012281023,0.17049,0.6522,116.23310000000001
206,The Girl and The Dreamcatcher,0.572,0.6382,-5.9569,0.09125,0.23030499999999998,0.0005606599999999999,0.19937999999999997,0.44753999999999994,116.4025
207,The Honeysticks,0.522,0.458,-7.785,0.0275,0.17,0.00244,0.072,0.359,125.973
208,The Kid LAROI,0.591,0.764,-5.484,0.0483,0.0383,0.0,0.103,0.478,169.928
209,The Neighbourhood,0.5431,0.6368,-6.7908,0.038169999999999996,0.083761,0.081172789,0.19075999999999999,0.3722,110.7577
210,The Vamps,0.6207777777777778,0.8393333333333334,-5.014666666666667,0.04597777777777778,0.035639000000000004,0.0,0.24485555555555555,0.7051111111111111,117.684
211,The Weeknd,0.609,0.655,-6.14,0.04535,0.14875000000000002,1.22e-05,0.2083,0.5549999999999999,92.526
212,Tiësto,0.647,0.726,-4.389,0.0552,0.157,0.0,0.0844,0.769,114.998
213,Toby Gad,0.595,0.6896666666666667,-4.497333333333334,0.03816666666666667,0.34933333333333333,8.179333333333334e-05,0.2306,0.5006666666666667,112.92233333333333
214,Topic,0.598,0.783,-3.908,0.0392,0.173,0.0,0.0696,0.396,126.018
215,Tove Lo,0.7248333333333333,0.7303333333333333,-5.906,0.056499999999999995,0.09702333333333334,0.14069336333333332,0.12221666666666668,0.2726166666666667,115.35416666666667
216,Tritonal,0.555,0.813,-5.792,0.033,0.0201,0.0,0.165,0.435,125.034
217,Troy,0.58,0.601,-6.456,0.0383,0.0436,0.0,0.145,0.317,108.006
218,Troye Sivan,0.6501666666666667,0.6668333333333334,-6.918333333333333,0.050499999999999996,0.09378666666666667,0.0011634833333333333,0.14878333333333335,0.4875,98.98416666666667
219,VOILÀ,0.48,0.697,-5.517,0.358,0.0149,0.0,0.117,0.536,121.354
220,Vanessa Hudgens,0.518,0.7155,-6.301500000000001,0.0429,0.023885,0.0007250000000000001,0.1115,0.396,123.2175
221,Victoria Justice,0.6865714285714286,0.5185714285714286,-6.383,0.0591,0.43549128571428575,0.0,0.1661,0.46628571428571425,118.61642857142859
222,Victorious Cast,0.6119,0.8943,-3.2033,0.08492999999999999,0.054639499999999994,1.73e-06,0.151,0.5809,129.4024
223,Wallows,0.5947,0.7851,-5.2543,0.03787,0.047407500000000005,0.013017226000000002,0.24479,0.6616,127.5112
224,Why Don't We,0.6454444444444445,0.6781111111111111,-5.077333333333333,0.060511111111111106,0.11296666666666666,0.0,0.13104444444444444,0.4197777777777778,131.407
225,Wiz Khalifa,0.689,0.481,-7.503,0.0815,0.369,1.03e-06,0.0649,0.283,80.025
226,ZAYN,0.4792222222222222,0.531,-6.786555555555555,0.046511111111111114,0.26083333333333336,5.9977777777777776e-06,0.14896666666666666,0.3070111111111111,136.6872222222222
227,Zac Efron,0.68075,0.78425,-4.5565,0.055224999999999996,0.1005,8.125e-06,0.253,0.50125,111.52475
228,Zara Larsson,0.618875,0.739125,-4.540875,0.0616625,0.1460375,0.00045154625,0.15195,0.48350000000000004,129.897875
229,Zedd,0.704,0.774,-4.268000000000001,0.0558,0.14,8.8e-06,0.08365,0.542,105.029
230,Zendaya,0.598,0.666,-6.9074,0.12396,0.10051999999999998,9.38e-05,0.18024,0.4242,136.198
231,beabadoobee,0.5941,0.5102,-8.7951,0.032999999999999995,0.5697300000000001,0.136076,0.16809000000000002,0.5094000000000001,122.2577
232,benny blanco,0.632,0.686,-7.665,0.243,0.549,0.0,0.2,0.329,89.949
233,girl in red,0.5177272727272727,0.5858181818181818,-9.850909090909092,0.09247272727272726,0.2570127272727273,0.15904034090909092,0.1389090909090909,0.448,144.33345454545454
234,mgk,0.653,0.718,-5.232,0.213,0.00413,0.0,0.0537,0.216,82.034
235,mxmtoon,0.5938,0.4824,-10.4756,0.12094,0.5494,0.00015872,0.1326,0.492,105.18220000000001
